NetlID,Lib,SynClk,SimClk,Area,Delay,Power,ErrorRate,MRE,MED,NMED,MinError,MaxError,ErrorRange,Variance,MultPrecision,MultID
-1,egfet,2747741.5,2747741.5,2067420.0,2747741.5,0.0005965,0.0,0.0,0.0,0.0,0.0,0.0,0.0,0.0,2,1
0,egfet,2747741.5,2747741.5,2067420.0,2747741.5,0.0005943,0.0,0.0,0.0,0.0,0.0,0.0,0.0,0.0,2,1
1,egfet,2747741.5,2747741.5,2067420.0,2747741.5,0.0005943,0.0,0.0,0.0,0.0,0.0,0.0,0.0,0.0,2,1
2,egfet,2747741.5,2747741.5,2067420.0,2747741.5,0.0005943,0.0,0.0,0.0,0.0,0.0,0.0,0.0,0.0,2,1
3,egfet,2747741.5,2747741.5,2067420.0,2747741.5,0.0005943,0.0,0.0,0.0,0.0,0.0,0.0,0.0,0.0,2,1
4,egfet,2747741.5,2747741.5,2067420.0,2747741.5,0.0005943,0.0,0.0,0.0,0.0,0.0,0.0,0.0,0.0,2,1
5,egfet,2747741.5,2747741.5,2067420.0,2747741.5,0.0005943,0.0,0.0,0.0,0.0,0.0,0.0,0.0,0.0,2,1
6,egfet,2747741.5,2747741.5,2067420.0,2747741.5,0.0005943,0.0,0.0,0.0,0.0,0.0,0.0,0.0,0.0,2,1
7,egfet,2747741.5,2747741.5,563530.0,2113230.0,0.0002614,0.2536,0.07246,1.014,0.0,0.0,4.0,4.0,3.029,2,1
8,egfet,2747741.5,2747741.5,563530.0,2113230.0,0.0002614,0.2536,0.07246,1.014,0.0,0.0,4.0,4.0,3.029,2,1
9,egfet,2747741.5,2747741.5,563530.0,2113230.0,0.0002614,0.2536,0.07246,1.014,0.0,0.0,4.0,4.0,3.029,2,1
-1,egfet,5580120.0,3444461.25,1232500.0,3444461.25,0.0004672,0.0,0.0,0.0,0.0,0.0,0.0,0.0,0.0,2,2
0,egfet,5580120.0,3444461.25,1232500.0,3444461.25,0.0004669,0.0,0.0,0.0,0.0,0.0,0.0,0.0,0.0,2,2
1,egfet,5580120.0,3444461.25,1232500.0,3444461.25,0.0004669,0.0,0.0,0.0,0.0,0.0,0.0,0.0,0.0,2,2
2,egfet,5580120.0,3444461.25,563530.0,2113230.0,0.0002142,0.2583,0.2447,4.649,0.0,0.0,18.0,18.0,62.07,2,2
3,egfet,5580120.0,3444461.25,563530.0,2113230.0,0.0002142,0.2583,0.2447,4.649,0.0,0.0,18.0,18.0,62.07,2,2
6,egfet,5580120.0,3444461.25,433500.0,2235340.0,0.0002057,0.5008,0.2447,9.014,0.0,0.0,18.0,18.0,81.0,2,2
-1,egfet,2747741.5,2747741.5,2067420.0,2747741.5,0.0005943,0.0,0.0,0.0,0.0,0.0,0.0,0.0,0.0,2,3
0,egfet,2747741.5,2747741.5,2067420.0,2747741.5,0.0005929,0.0,0.0,0.0,0.0,0.0,0.0,0.0,0.0,2,3
1,egfet,2747741.5,2747741.5,2067420.0,2747741.5,0.0005929,0.0,0.0,0.0,0.0,0.0,0.0,0.0,0.0,2,3
2,egfet,2747741.5,2747741.5,563530.0,2113230.0,0.0002601,0.2494,0.03325,0.9976,0.0,0.0,4.0,4.0,2.995,2,3
3,egfet,2747741.5,2747741.5,563530.0,2113230.0,0.0002601,0.2494,0.03325,0.9976,0.0,0.0,4.0,4.0,2.995,2,3
4,egfet,2747741.5,2747741.5,563530.0,2113230.0,0.0002601,0.2494,0.03325,0.9976,0.0,0.0,4.0,4.0,2.995,2,3
5,egfet,2747741.5,2747741.5,563530.0,2113230.0,0.0002601,0.2494,0.03325,0.9976,0.0,0.0,4.0,4.0,2.995,2,3
6,egfet,2747741.5,2747741.5,563530.0,2113230.0,0.0002601,0.2494,0.03325,0.9976,0.0,0.0,4.0,4.0,2.995,2,3
7,egfet,2747741.5,2747741.5,563530.0,2113230.0,0.0002601,0.2494,0.03325,0.9976,0.0,0.0,4.0,4.0,2.995,2,3
8,egfet,2747741.5,2747741.5,563530.0,2113230.0,0.0002601,0.2494,0.03325,0.9976,0.0,0.0,4.0,4.0,2.995,2,3
9,egfet,2747741.5,2747741.5,563530.0,2113230.0,0.0002601,0.2494,0.03325,0.9976,0.0,0.0,4.0,4.0,2.995,2,3
-1,egfet,4000000.0,4000000.0,7002090.0,4000000.0,0.00106,0.0,0.0,0.0,0.0,0.0,0.0,0.0,0.0,3,1
0,egfet,4000000.0,4000000.0,6382120.0,4702200.5,0.001101,0.4889,0.0989,19.3,0.0,0.0,128.0,128.0,1320.0,3,1
-1,egfet,5580120.0,5483719.0,8385150.0,5483719.0,0.001194,0.0,0.0,0.0,0.0,0.0,0.0,0.0,0.0,3,2
0,egfet,5580120.0,5483719.0,9539220.0,5850305.5,0.001823,0.0946,0.004204,0.7568,0.0,0.0,8.0,8.0,5.482,3,2
1,egfet,5580120.0,5483719.0,9539220.0,5850305.5,0.001823,0.0946,0.004204,0.7568,0.0,0.0,8.0,8.0,5.482,3,2
2,egfet,5580120.0,5483719.0,7282930.0,5568955.0,0.001168,0.5064,0.009006,2.026,0.0,0.0,4.0,4.0,3.999,3,2
3,egfet,5580120.0,5483719.0,7282930.0,5568955.0,0.001168,0.5064,0.009006,2.026,0.0,0.0,4.0,4.0,3.999,3,2
4,egfet,5580120.0,5483719.0,7282930.0,5568955.0,0.001168,0.5064,0.009006,2.026,0.0,0.0,4.0,4.0,3.999,3,2
5,egfet,5580120.0,5483719.0,8399520.0,5546483.5,0.001372,0.2205,0.0154,2.771,0.0,0.0,16.0,16.0,30.61,3,2
6,egfet,5580120.0,5483719.0,6697790.0,5479236.0,0.001011,0.4936,0.01836,2.982,0.0,0.0,12.0,12.0,15.12,3,2
7,egfet,5580120.0,5483719.0,6615940.0,6132892.0,0.001184,0.8147,0.06301,12.06,0.0,0.0,128.0,128.0,912.1,3,2
8,egfet,5580120.0,5483719.0,6182440.0,5478255.5,0.001108,0.8721,0.05604,13.86,0.0,0.0,52.0,52.0,243.1,3,2
9,egfet,5580120.0,5483719.0,5790180.0,4453902.0,0.0009769,0.2515,0.06176,15.07,0.0,0.0,64.0,64.0,680.2,3,2
-1,egfet,6000000.0,6000000.0,6902870.0,6000000.0,0.001153,0.0,0.0,0.0,0.0,0.0,0.0,0.0,0.0,3,3
0,egfet,6000000.0,6000000.0,7791290.0,5634240.0,0.001371,0.0,0.0,0.0,0.0,0.0,0.0,0.0,0.0,3,3
1,egfet,6000000.0,6000000.0,7357790.0,5634031.0,0.0013,0.5035,0.01009,2.014,0.0,0.0,4.0,4.0,4.0,3,3
2,egfet,6000000.0,6000000.0,7357790.0,5634031.0,0.0013,0.5035,0.01009,2.014,0.0,0.0,4.0,4.0,4.0,3,3
3,egfet,6000000.0,6000000.0,7658300.0,5724283.0,0.001193,0.1273,0.0219,4.074,0.0,0.0,32.0,32.0,113.8,3,3
4,egfet,6000000.0,6000000.0,7658300.0,5724283.0,0.001193,0.1273,0.0219,4.074,0.0,0.0,32.0,32.0,113.8,3,3
5,egfet,6000000.0,6000000.0,6953410.0,5730583.5,0.001227,0.5035,0.02652,5.069,0.0,0.0,28.0,28.0,80.13,3,3
6,egfet,6000000.0,6000000.0,6953410.0,5730583.5,0.001227,0.5035,0.02652,5.069,0.0,0.0,28.0,28.0,80.13,3,3
7,egfet,6000000.0,6000000.0,5988210.0,5751389.5,0.0009534,0.7529,0.04669,9.086,0.0,0.0,28.0,28.0,71.57,3,3
8,egfet,6000000.0,6000000.0,5590880.0,5724282.0,0.000948,0.2502,0.06297,12.2,0.0,0.0,92.0,92.0,930.5,3,3
9,egfet,6000000.0,6000000.0,5590880.0,5724282.0,0.000948,0.2502,0.06297,12.2,0.0,0.0,92.0,92.0,930.5,3,3
-1,egfet,15658210.01,14430902.0,19278820.0,14430902.0,0.00156,0.0,0.0,0.0,0.0,0.0,0.0,0.0,0.0,4,1
0,egfet,15658210.01,14430902.0,19622080.0,13417009.0,0.001646,0.0,0.0,0.0,0.0,0.0,0.0,0.0,0.0,4,1
1,egfet,15658210.01,14430902.0,18974720.0,13416589.0,0.001566,0.2454,0.004576,0.9816,0.0,0.0,4.0,4.0,2.963,4,1
2,egfet,15658210.01,14430902.0,18974720.0,13416589.0,0.001566,0.2454,0.004576,0.9816,0.0,0.0,4.0,4.0,2.963,4,1
3,egfet,15658210.01,14430902.0,18712300.0,13417009.0,0.001526,0.5086,0.00654,2.034,0.0,0.0,4.0,4.0,3.999,4,1
4,egfet,15658210.01,14430902.0,18712300.0,13417009.0,0.001526,0.5086,0.00654,2.034,0.0,0.0,4.0,4.0,3.999,4,1
5,egfet,15658210.01,14430902.0,18712300.0,13417009.0,0.001526,0.5086,0.00654,2.034,0.0,0.0,4.0,4.0,3.999,4,1
6,egfet,15658210.01,14430902.0,17988160.0,13416413.0,0.001495,0.6276,0.01207,4.039,0.0,0.0,8.0,8.0,12.07,4,1
7,egfet,15658210.01,14430902.0,18851300.0,12525527.0,0.001436,0.8169,0.06037,14.91,0.0,0.0,32.0,32.0,197.9,4,1
8,egfet,15658210.01,14430902.0,18851300.0,12525527.0,0.001436,0.8169,0.06037,14.91,0.0,0.0,32.0,32.0,197.9,4,1
9,egfet,15658210.01,14430902.0,18851300.0,12525527.0,0.001436,0.8169,0.06037,14.91,0.0,0.0,32.0,32.0,197.9,4,1
-1,egfet,10368767.01,10366865.0,22113600.0,10366865.0,0.002284,0.0,0.0,0.0,0.0,0.0,0.0,0.0,0.0,4,2
0,egfet,10368767.01,10366865.0,19398820.0,9230684.0,0.002015,0.1181,0.006045,1.89,0.0,0.0,16.0,16.0,26.66,4,2
1,egfet,10368767.01,10366865.0,19398820.0,9230684.0,0.002015,0.1181,0.006045,1.89,0.0,0.0,16.0,16.0,26.66,4,2
2,egfet,10368767.01,10366865.0,20076320.0,10128104.0,0.001878,0.4945,0.01147,3.956,0.0,0.0,8.0,8.0,16.0,4,2
3,egfet,10368767.01,10366865.0,18736900.0,9230684.0,0.001956,0.4945,0.01291,4.868,0.0,0.0,24.0,24.0,37.13,4,2
4,egfet,10368767.01,10366865.0,18736900.0,9230684.0,0.001956,0.4945,0.01291,4.868,0.0,0.0,24.0,24.0,37.13,4,2
5,egfet,10368767.01,10366865.0,18522220.0,8975948.0,0.001962,0.4954,0.02413,7.926,0.0,0.0,16.0,16.0,63.99,4,2
6,egfet,10368767.01,10366865.0,18522220.0,8975948.0,0.001962,0.4954,0.02413,7.926,0.0,0.0,16.0,16.0,63.99,4,2
7,egfet,10368767.01,10366865.0,17264877.0,10345561.0,0.001729,0.7512,0.02015,8.063,0.0,0.0,16.0,16.0,32.35,4,2
8,egfet,10368767.01,10366865.0,17264877.0,10345561.0,0.001729,0.7512,0.02015,8.063,0.0,0.0,16.0,16.0,32.35,4,2
9,egfet,10368767.01,10366865.0,16237870.0,10282346.0,0.001684,0.7512,0.02763,10.86,0.0,0.0,40.0,40.0,98.15,4,2
-1,egfet,14748874.01,14182791.0,17644910.0,14182791.0,0.001391,0.0,0.0,0.0,0.0,0.0,0.0,0.0,0.0,4,3
0,egfet,14748874.01,14182791.0,17353640.0,12554467.0,0.001449,0.0,0.0,0.0,0.0,0.0,0.0,0.0,0.0,4,3
1,egfet,14748874.01,14182791.0,17353640.0,12554467.0,0.001449,0.0,0.0,0.0,0.0,0.0,0.0,0.0,0.0,4,3
2,egfet,14748874.01,14182791.0,16551650.0,10291496.0,0.00144,0.0621,0.0092,3.974,0.0,0.0,64.0,64.0,238.6,4,3
3,egfet,14748874.01,14182791.0,15870480.0,13233304.0,0.001335,0.5023,0.01786,6.999,0.0,0.0,56.0,56.0,173.9,4,3
4,egfet,14748874.01,14182791.0,15870480.0,13233304.0,0.001335,0.5023,0.01786,6.999,0.0,0.0,56.0,56.0,173.9,4,3
5,egfet,14748874.01,14182791.0,14246160.0,11967043.0,0.001126,0.5114,0.03653,12.16,0.0,0.0,80.0,80.0,364.7,4,3
6,egfet,14748874.01,14182791.0,14246160.0,11967043.0,0.001126,0.5114,0.03653,12.16,0.0,0.0,80.0,80.0,364.7,4,3
7,egfet,14748874.01,14182791.0,12767120.0,8213729.0,0.001163,0.6339,0.03839,16.42,0.0,0.0,96.0,96.0,625.8,4,3
8,egfet,14748874.01,14182791.0,12767120.0,8213729.0,0.001163,0.6339,0.03839,16.42,0.0,0.0,96.0,96.0,625.8,4,3
9,egfet,14748874.01,14182791.0,12479220.0,9281121.0,0.0009829,0.7569,0.04547,18.15,0.0,0.0,48.0,48.0,188.1,4,3
-1,egfet,22423946.0,21840072.0,32504157.0,21840072.0,0.002002,0.0,0.0,0.0,0.0,0.0,0.0,0.0,0.0,5,1
0,egfet,22423946.0,21840072.0,33435574.0,22287404.0,0.002313,0.0,0.0,0.0,0.0,0.0,0.0,0.0,0.0,5,1
1,egfet,22423946.0,21840072.0,33943167.0,21532930.0,0.002536,0.2472,0.002681,1.978,0.0,0.0,8.0,8.0,11.91,5,1
2,egfet,22423946.0,21840072.0,33943167.0,21532930.0,0.002536,0.2472,0.002681,1.978,0.0,0.0,8.0,8.0,11.91,5,1
3,egfet,22423946.0,21840072.0,33505147.0,21680702.0,0.002531,0.5071,0.008234,4.057,0.0,0.0,8.0,8.0,16.0,5,1
4,egfet,22423946.0,21840072.0,26524814.0,22172062.0,0.001979,0.6915,0.03007,14.11,0.0,0.0,32.0,32.0,124.1,5,1
5,egfet,22423946.0,21840072.0,30401374.0,22101684.0,0.002277,0.7546,0.03588,18.72,0.0,0.0,48.0,48.0,219.5,5,1
6,egfet,22423946.0,21840072.0,32794274.0,22378812.0,0.002487,0.5002,0.05421,20.03,0.0,0.0,72.0,72.0,913.2,5,1
7,egfet,22423946.0,21840072.0,29674677.0,22269590.0,0.002362,0.9052,0.04603,23.51,0.0,0.0,72.0,72.0,308.8,5,1
8,egfet,22423946.0,21840072.0,32794274.0,22378812.0,0.002487,0.7528,0.0637,24.02,0.0,0.0,80.0,80.0,927.7,5,1
9,egfet,22423946.0,21840072.0,23832187.0,22222542.0,0.00152,0.8159,0.06628,25.73,0.0,0.0,72.0,72.0,541.3,5,1
-1,egfet,21481100.0,21279214.0,36714794.0,21279214.0,0.002485,0.0,0.0,0.0,0.0,0.0,0.0,0.0,0.0,5,2
0,egfet,21481100.0,21279214.0,35946570.0,22479300.0,0.002458,0.0323,0.003685,4.134,0.0,0.0,128.0,128.0,512.1,5,2
1,egfet,21481100.0,21279214.0,32655214.0,21105424.0,0.002235,0.4991,0.03197,16.24,0.0,0.0,496.0,496.0,4091.0,5,2
2,egfet,21481100.0,21279214.0,33754304.0,21365376.0,0.002458,0.537,0.02228,14.99,0.0,0.0,512.0,512.0,1900.0,5,2
3,egfet,21481100.0,21279214.0,31358764.0,21305234.0,0.002144,0.7491,0.02342,12.0,0.0,0.0,24.0,24.0,80.27,5,2
4,egfet,21481100.0,21279214.0,30413347.0,21856406.0,0.002066,0.561,0.03673,17.89,0.0,0.0,128.0,128.0,830.4,5,2
5,egfet,21481100.0,21279214.0,27742317.0,21014876.0,0.00184,0.6578,0.05884,29.19,0.0,0.0,180.0,180.0,1626.0,5,2
6,egfet,21481100.0,21279214.0,27254467.0,15737877.0,0.001861,0.6901,0.0575,31.24,0.0,0.0,80.0,80.0,771.6,5,2
7,egfet,21481100.0,21279214.0,27254467.0,15737877.0,0.001861,0.6901,0.0575,31.24,0.0,0.0,80.0,80.0,771.6,5,2
8,egfet,21481100.0,21279214.0,24861174.0,16755335.0,0.001701,0.8155,0.06621,32.28,0.0,0.0,112.0,112.0,776.6,5,2
9,egfet,21481100.0,21279214.0,23283000.0,20082720.0,0.001486,0.9054,0.0792,43.21,0.0,0.0,192.0,192.0,1261.0,5,2
-1,egfet,26357228.0,26317276.0,37474447.0,26317276.0,0.002266,0.0,0.0,0.0,0.0,0.0,0.0,0.0,0.0,5,3
0,egfet,26357228.0,26317276.0,31035157.0,26345724.0,0.001962,0.2453,0.01278,5.829,0.0,0.0,48.0,48.0,150.7,5,3
1,egfet,26357228.0,26317276.0,31445627.0,26856286.0,0.001931,0.4969,0.01883,9.854,0.0,0.0,48.0,48.0,152.0,5,3
2,egfet,26357228.0,26317276.0,28605050.0,26205586.0,0.001695,0.6198,0.02165,11.34,0.0,0.0,56.0,56.0,168.0,5,3
3,egfet,26357228.0,26317276.0,32056870.0,24118120.0,0.002176,0.6192,0.03692,16.98,0.0,0.0,48.0,48.0,227.3,5,3
4,egfet,26357228.0,26317276.0,29275124.0,26133626.0,0.001898,0.7458,0.03783,17.95,0.0,0.0,48.0,48.0,190.1,5,3
5,egfet,26357228.0,26317276.0,29275124.0,26133626.0,0.001898,0.7458,0.03783,17.95,0.0,0.0,48.0,48.0,190.1,5,3
6,egfet,26357228.0,26317276.0,25885767.0,24196700.0,0.001612,0.6543,0.05636,19.05,0.0,0.0,64.0,64.0,285.1,5,3
7,egfet,26357228.0,26317276.0,24181047.0,24196696.0,0.001533,0.7809,0.05728,20.02,0.0,0.0,64.0,64.0,244.0,5,3
8,egfet,26357228.0,26317276.0,24181047.0,24196696.0,0.001533,0.7809,0.05728,20.02,0.0,0.0,64.0,64.0,244.0,5,3
9,egfet,26357228.0,26317276.0,22686127.0,22261558.0,0.001357,0.8709,0.046,19.98,0.0,0.0,56.0,56.0,207.1,5,3
-1,egfet,27728888.0,27660304.0,54172014.0,27660304.0,0.003367,0.0,0.0,0.0,0.0,0.0,0.0,0.0,0.0,6,1
0,egfet,27728888.0,27660304.0,46489504.0,28551456.0,0.003052,0.5282,0.02961,15.07,0.0,0.0,64.0,64.0,356.4,6,1
1,egfet,27728888.0,27660304.0,45446704.0,28551458.0,0.003038,0.7482,0.03015,17.04,0.0,0.0,56.0,56.0,258.9,6,1
2,egfet,27728888.0,27660304.0,38878980.0,27335846.0,0.002633,0.9838,0.07489,63.49,0.0,0.0,128.0,128.0,1207.0,6,1
3,egfet,27728888.0,27660304.0,40268420.0,27593668.0,0.002674,0.8741,0.08397,67.84,0.0,0.0,152.0,152.0,3074.0,6,1
4,egfet,27728888.0,27660304.0,40268420.0,27593668.0,0.002674,0.8727,0.09064,72.25,0.0,0.0,152.0,152.0,3461.0,6,1
5,egfet,27728888.0,27660304.0,40268420.0,27593668.0,0.002674,0.8727,0.09064,72.25,0.0,0.0,152.0,152.0,3461.0,6,1
6,egfet,27728888.0,27660304.0,40753377.0,28747972.0,0.002565,1.0,0.105,74.98,0.0,8.0,168.0,160.0,3069.0,6,1
7,egfet,27728888.0,27660304.0,40753377.0,28747972.0,0.002565,1.0,0.1029,77.13,0.0,8.0,184.0,176.0,3776.0,6,1
8,egfet,27728888.0,27660304.0,31750987.0,22747058.0,0.001931,1.0,0.09874,81.73,0.0,8.0,184.0,176.0,3226.0,6,1
9,egfet,27728888.0,27660304.0,30731860.0,22020188.0,0.002058,0.9693,0.1505,110.7,0.0,0.0,352.0,352.0,6221.0,6,1
-1,egfet,27807384.0,27640238.0,52352098.0,27640238.0,0.003336,0.0,0.0,0.0,0.0,0.0,0.0,0.0,0.0,6,2
0,egfet,27807384.0,27640238.0,55051724.0,28108624.0,0.003454,0.0,0.0,0.0,0.0,0.0,0.0,0.0,0.0,6,2
1,egfet,27807384.0,27640238.0,54071691.0,27661016.0,0.003622,0.2541,0.003354,2.508,0.0,0.0,20.0,20.0,29.64,6,2
2,egfet,27807384.0,27640238.0,54818231.0,27223208.0,0.003525,0.505,0.005558,4.04,0.0,0.0,8.0,8.0,16.0,6,2
3,egfet,27807384.0,27640238.0,52332771.0,27584058.0,0.003565,0.6842,0.01046,8.994,0.0,0.0,32.0,32.0,96.85,6,2
4,egfet,27807384.0,27640238.0,48483964.0,28372298.0,0.003173,0.8144,0.0146,11.08,0.0,0.0,32.0,32.0,88.29,6,2
5,egfet,27807384.0,27640238.0,45380137.0,26614700.0,0.002904,0.8714,0.0141,12.57,0.0,0.0,32.0,32.0,84.88,6,2
6,egfet,27807384.0,27640238.0,42451937.0,26968612.0,0.002774,0.899,0.0257,21.79,0.0,0.0,60.0,60.0,254.5,6,2
7,egfet,27807384.0,27640238.0,43765027.0,27230900.0,0.00281,0.9036,0.02947,23.11,0.0,0.0,64.0,64.0,333.5,6,2
8,egfet,27807384.0,27640238.0,35865720.0,26664806.0,0.002313,0.9339,0.05083,29.2,0.0,0.0,72.0,72.0,451.4,6,2
9,egfet,27807384.0,27640238.0,33259114.0,27505044.0,0.002128,0.9855,0.06018,42.93,0.0,0.0,128.0,128.0,922.0,6,2
-1,egfet,28388658.0,28235528.0,52148744.0,28235528.0,0.003214,0.0,0.0,0.0,0.0,0.0,0.0,0.0,0.0,6,3
0,egfet,28388658.0,28235528.0,49267184.0,28525756.0,0.003243,0.2538,0.006243,4.061,0.0,0.0,16.0,16.0,48.48,6,3
1,egfet,28388658.0,28235528.0,45743837.0,28331136.0,0.002916,0.4409,0.008452,5.508,0.0,0.0,16.0,16.0,45.62,6,3
2,egfet,28388658.0,28235528.0,43233040.0,28360752.0,0.002671,0.6889,0.01611,14.12,0.0,0.0,32.0,32.0,125.6,6,3
3,egfet,28388658.0,28235528.0,40637847.0,28332628.0,0.002701,0.8165,0.01799,14.64,0.0,0.0,32.0,32.0,113.5,6,3
4,egfet,28388658.0,28235528.0,44806867.0,28488232.0,0.002981,0.7112,0.02437,17.84,0.0,0.0,48.0,48.0,221.9,6,3
5,egfet,28388658.0,28235528.0,40654687.0,27968744.0,0.002698,0.843,0.0351,28.0,0.0,0.0,64.0,64.0,367.1,6,3
6,egfet,28388658.0,28235528.0,38178337.0,28095510.0,0.002749,0.9416,0.03356,28.74,0.0,0.0,76.0,76.0,383.4,6,3
7,egfet,28388658.0,28235528.0,28539454.0,28138484.0,0.001575,0.9557,0.07398,47.95,0.0,0.0,140.0,140.0,1186.0,6,3
8,egfet,28388658.0,28235528.0,24193060.0,27608104.0,0.001449,0.9864,0.1166,102.4,0.0,0.0,268.0,268.0,5143.0,6,3
9,egfet,28388658.0,28235528.0,23027927.0,27511018.0,0.001434,0.9864,0.1426,101.8,0.0,0.0,268.0,268.0,4576.0,6,3
-1,egfet,34251880.01,33326408.0,69119659.0,33326408.0,0.003946,0.0,0.0,0.0,0.0,0.0,0.0,0.0,0.0,7,1
0,egfet,34251880.01,33326408.0,63518735.0,39895996.0,0.003769,0.7465,0.00634,7.954,0.0,0.0,16.0,16.0,32.08,7,1
1,egfet,34251880.01,33326408.0,60048978.0,33526800.0,0.003648,0.8727,0.03035,32.24,0.0,0.0,64.0,64.0,610.2,7,1
2,egfet,34251880.01,33326408.0,63126575.0,33390704.0,0.00395,0.6871,0.03008,35.88,0.0,0.0,96.0,96.0,1131.0,7,1
3,egfet,34251880.01,33326408.0,51834991.0,32055600.0,0.003029,0.8425,0.03399,36.92,0.0,0.0,96.0,96.0,730.3,7,1
4,egfet,34251880.01,33326408.0,54076518.0,33499512.0,0.003193,0.8254,0.07549,91.84,0.0,0.0,224.0,224.0,4885.0,7,1
5,egfet,34251880.01,33326408.0,49587811.0,34799880.0,0.002897,0.9047,0.09358,106.6,0.0,0.0,320.0,320.0,6800.0,7,1
6,egfet,34251880.01,33326408.0,48245181.0,33851736.0,0.002756,0.8867,0.1021,116.4,0.0,0.0,352.0,352.0,7561.0,7,1
7,egfet,34251880.01,33326408.0,31920807.0,27608382.0,0.001733,0.962,0.1317,173.7,0.0,0.0,544.0,544.0,16180.0,7,1
8,egfet,34251880.01,33326408.0,35960024.0,34141348.0,0.001898,0.9446,0.1762,196.8,0.0,0.0,736.0,736.0,23790.0,7,1
9,egfet,34251880.01,33326408.0,36706077.0,30547162.0,0.002167,0.9592,0.1586,198.3,0.0,0.0,608.0,608.0,21600.0,7,1
-1,egfet,33102280.0,32977572.0,71121435.0,32977572.0,0.004183,0.0,0.0,0.0,0.0,0.0,0.0,0.0,0.0,7,2
0,egfet,33102280.0,32977572.0,66007088.0,31761480.0,0.003978,0.2541,0.00309,5.033,0.0,0.0,32.0,32.0,110.9,7,2
1,egfet,33102280.0,32977572.0,59913358.0,32893974.0,0.003563,0.7261,0.00861,13.6,0.0,0.0,48.0,48.0,172.8,7,2
2,egfet,33102280.0,32977572.0,55446614.0,31675734.0,0.003302,0.8115,0.01471,24.96,0.0,0.0,64.0,64.0,333.1,7,2
3,egfet,33102280.0,32977572.0,55446614.0,31675734.0,0.003302,0.8115,0.01471,24.96,0.0,0.0,64.0,64.0,333.1,7,2
4,egfet,33102280.0,32977572.0,52984674.0,32119946.0,0.003141,0.8115,0.01687,24.91,0.0,0.0,64.0,64.0,332.4,7,2
5,egfet,33102280.0,32977572.0,53981741.0,32872874.0,0.003435,0.8414,0.02397,32.08,0.0,0.0,68.0,68.0,470.3,7,2
6,egfet,33102280.0,32977572.0,53461724.0,32648376.0,0.003119,0.8764,0.04222,53.49,0.0,0.0,112.0,112.0,1410.0,7,2
7,egfet,33102280.0,32977572.0,48900254.0,32973096.0,0.002777,0.8434,0.04177,55.22,0.0,0.0,116.0,116.0,1493.0,7,2
8,egfet,33102280.0,32977572.0,47067674.0,31850274.0,0.002918,0.8749,0.04319,56.23,0.0,0.0,124.0,124.0,1728.0,7,2
9,egfet,33102280.0,32977572.0,44798344.0,31277482.0,0.002665,0.9206,0.04692,63.33,0.0,0.0,176.0,176.0,2073.0,7,2
-1,egfet,32620814.0,32564844.0,74539473.0,32564844.0,0.004441,0.0,0.0,0.0,0.0,0.0,0.0,0.0,0.0,7,3
0,egfet,32620814.0,32564844.0,60064001.0,34822684.0,0.003471,0.871,0.01213,14.43,0.0,0.0,36.0,36.0,158.3,7,3
1,egfet,32620814.0,32564844.0,62404365.0,31565430.0,0.003732,0.8732,0.0145,17.72,0.0,0.0,40.0,40.0,182.1,7,3
2,egfet,32620814.0,32564844.0,57275018.0,33252234.0,0.003346,0.8698,0.02203,27.43,0.0,0.0,68.0,68.0,449.2,7,3
3,egfet,32620814.0,32564844.0,57275018.0,33252234.0,0.003346,0.8698,0.02203,27.43,0.0,0.0,68.0,68.0,449.2,7,3
4,egfet,32620814.0,32564844.0,57275018.0,33252234.0,0.003346,0.8698,0.02203,27.43,0.0,0.0,68.0,68.0,449.2,7,3
5,egfet,32620814.0,32564844.0,60867978.0,32616428.0,0.003622,0.92,0.0314,33.48,0.0,0.0,100.0,100.0,886.4,7,3
6,egfet,32620814.0,32564844.0,60649131.0,34572040.0,0.003726,0.8737,0.02943,36.13,0.0,0.0,96.0,96.0,698.3,7,3
7,egfet,32620814.0,32564844.0,52845161.0,32616544.0,0.003195,0.9502,0.03171,36.68,0.0,0.0,100.0,100.0,623.1,7,3
8,egfet,32620814.0,32564844.0,54809418.0,32557488.0,0.003254,0.9755,0.04734,70.38,0.0,0.0,332.0,332.0,6780.0,7,3
9,egfet,32620814.0,32564844.0,41793261.0,31781696.0,0.002391,1.0,0.1375,160.2,0.0,4.0,444.0,440.0,11690.0,7,3
-1,egfet,36407016.01,36312464.0,85688633.0,36312464.0,0.004773,0.0,0.0,0.0,0.0,0.0,0.0,0.0,0.0,8,1
0,egfet,36407016.01,36312464.0,77529172.0,36996240.0,0.004564,0.5612,0.005756,16.61,0.0,0.0,96.0,96.0,620.0,8,1
1,egfet,36407016.01,36312464.0,76338435.0,36351544.0,0.004644,0.7525,0.01345,38.21,0.0,0.0,176.0,176.0,2521.0,8,1
2,egfet,36407016.01,36312464.0,74987508.0,36396812.0,0.004805,0.873,0.01451,44.71,0.0,0.0,4092.0,4092.0,23580.0,8,1
3,egfet,36407016.01,36312464.0,73837525.0,36261136.0,0.004633,0.873,0.01471,42.98,0.0,0.0,176.0,176.0,2682.0,8,1
4,egfet,36407016.01,36312464.0,66684741.0,35589168.0,0.004204,0.8795,0.02118,44.37,0.0,0.0,144.0,144.0,1459.0,8,1
5,egfet,36407016.01,36312464.0,61916554.0,36276880.0,0.003675,0.9355,0.02005,49.99,0.0,0.0,176.0,176.0,1950.0,8,1
6,egfet,36407016.01,36312464.0,64633065.0,36241612.0,0.003823,0.9104,0.02678,51.63,0.0,0.0,204.0,204.0,1840.0,8,1
7,egfet,36407016.01,36312464.0,61099678.0,33903148.0,0.003882,0.9536,0.03342,65.47,0.0,0.0,204.0,204.0,2158.0,8,1
8,egfet,36407016.01,36312464.0,49959861.0,35790072.0,0.002814,0.9602,0.06632,151.2,0.0,0.0,428.0,428.0,12870.0,8,1
9,egfet,36407016.01,36312464.0,44284191.0,35652336.0,0.002591,0.9872,0.09777,255.5,0.0,0.0,752.0,752.0,28810.0,8,1
-1,egfet,40673916.01,40583480.0,84054086.0,40583480.0,0.004473,0.0,0.0,0.0,0.0,0.0,0.0,0.0,0.0,8,2
0,egfet,40673916.01,40583480.0,80178155.0,40402988.0,0.004703,0.2549,0.001253,2.039,0.0,0.0,8.0,8.0,12.16,8,2
1,egfet,40673916.01,40583480.0,78303658.0,41908404.0,0.004485,0.4593,0.01171,16.22,0.0,0.0,72.0,72.0,678.5,8,2
2,egfet,40673916.01,40583480.0,83484442.0,41009768.0,0.005031,0.3477,0.005644,17.4,0.0,0.0,128.0,128.0,1680.0,8,2
3,egfet,40673916.01,40583480.0,85372946.0,40147336.0,0.005103,0.6617,0.0149,27.22,0.0,0.0,64.0,64.0,615.0,8,2
4,egfet,40673916.01,40583480.0,85372946.0,40147336.0,0.005103,0.6617,0.0149,27.22,0.0,0.0,64.0,64.0,615.0,8,2
5,egfet,40673916.01,40583480.0,87715652.0,40604428.0,0.005256,0.8137,0.01876,32.77,0.0,0.0,72.0,72.0,681.0,8,2
6,egfet,40673916.01,40583480.0,81495626.0,44698372.0,0.004896,0.7523,0.01666,35.61,0.0,0.0,80.0,80.0,848.6,8,2
7,egfet,40673916.01,40583480.0,83940243.0,40651148.0,0.004979,0.9374,0.03599,80.14,0.0,0.0,160.0,160.0,1794.0,8,2
8,egfet,40673916.01,40583480.0,70002176.0,40276272.0,0.004005,0.9384,0.06273,140.3,0.0,0.0,648.0,648.0,13520.0,8,2
9,egfet,40673916.01,40583480.0,68657602.0,40664508.0,0.003916,1.0,0.06433,141.1,0.0,8.0,384.0,376.0,9162.0,8,2
-1,egfet,36833348.01,36277112.0,80947252.0,36277112.0,0.004671,0.0,0.0,0.0,0.0,0.0,0.0,0.0,0.0,8,3
0,egfet,36833348.01,36277112.0,65662044.0,36726672.0,0.003973,0.9669,0.02299,52.7,0.0,0.0,188.0,188.0,1870.0,8,3
1,egfet,36833348.01,36277112.0,60178954.0,35518972.0,0.003709,0.9512,0.03516,73.17,0.0,0.0,192.0,192.0,2561.0,8,3
2,egfet,36833348.01,36277112.0,56949874.0,36749740.0,0.003265,0.867,0.04345,95.23,0.0,0.0,256.0,256.0,4966.0,8,3
3,egfet,36833348.01,36277112.0,53261781.0,36602648.0,0.00298,0.9418,0.0461,101.0,0.0,0.0,304.0,304.0,5426.0,8,3
4,egfet,36833348.01,36277112.0,44656604.0,36503168.0,0.002412,0.9825,0.05274,109.2,0.0,0.0,364.0,364.0,6489.0,8,3
5,egfet,36833348.01,36277112.0,44904760.0,34815144.0,0.002593,0.9823,0.06591,120.9,0.0,0.0,384.0,384.0,8119.0,8,3
6,egfet,36833348.01,36277112.0,41942294.0,35822560.0,0.002238,0.9685,0.07594,136.3,0.0,0.0,416.0,416.0,9581.0,8,3
7,egfet,36833348.01,36277112.0,41325554.0,36142248.0,0.002253,0.9911,0.0768,154.8,0.0,0.0,488.0,488.0,11440.0,8,3
8,egfet,36833348.01,36277112.0,40399684.0,36583656.0,0.002158,0.9785,0.1046,183.8,0.0,0.0,608.0,608.0,17960.0,8,3
9,egfet,36833348.01,36277112.0,40399684.0,36583656.0,0.002158,0.9785,0.1046,183.8,0.0,0.0,608.0,608.0,17960.0,8,3
